url_path,views_total,views_unique
/OSU-Nowlab/osu-hidl,8,5
/OSU-Nowlab/osu-hidl/blob/main/build_scripts/mri/build_megatron_mri.sh,6,2
/OSU-Nowlab/osu-hpc-ai,5,3
/OSU-Nowlab/osu-hidl/blob/main/README.md,4,4
/OSU-Nowlab/osu-hidl/blob/main/CONTRIBUTING.md,2,2
/OSU-Nowlab/osu-hidl/tree/main,2,2
/OSU-Nowlab/osu-hidl/tree/main/frameworks,2,1
/OSU-Nowlab/osu-hpc-ai/blob/main/docs/build-guides/megatron-lm.md,2,1
/OSU-Nowlab/osu-hpc-ai/pull/2,2,1
/OSU-Nowlab/osu-hidl/blob/main/build_scripts/mri/build_pytorch_mri.sh,1,1
